apogeu,egua,apeou,pague,pega,pau,pua,pago,ego,apego,pao,pegou,gea,apegou,ague,opa,age,poe,aguo,peao,pego,pagou,geou
eficaz,cafe,ice,fie,caie,ceia,faze,fia,feia,fazei,cea,fica,cai,faz,fiz,eia,ceifa,face,fez,afie,ica,ceai
duvida,adi,viu,uva,dai,dia,ida,vida,via,adiu,uiva,vai,diva,uai
plebeu,ele,bule,pele,bel,leu,pule,plebe
esnobe,soe,nos,sobe,bens,sebe,bons,ensebo,bones,sob,seno,bone,sebo
frango,grao,aro,agro,afro,garfo,fora,nora,grafo,nao,for,roga,orna,ora,gora,roa,ano,arfo,faro,orfa
sobrio,rios,bois,boi,bis,rio,brio,soo,roo,boio,brioso,brios,sobro,boro,robo,sob,ris,soro,riso,roi,ois,oro,robos